filename,chroma_stft,rmse,spectral_centroid,spectral_bandwidth,rolloff,zero_crossing_rate,mfcc1,mfcc2,mfcc3,mfcc4,mfcc5,mfcc6,mfcc7,mfcc8,mfcc9,mfcc10,mfcc11,mfcc12,mfcc13,mfcc14,mfcc15,mfcc16,mfcc17,mfcc18,mfcc19,mfcc20,label
asavari01.wav,0.30018308758735657,0.3250826299190521,1206.5463955394464,1155.0472763666473,1964.071456861939,0.07410650578076626,-91.90499877929688,161.10226440429688,-74.48580169677734,5.615185260772705,-51.74045944213867,-6.59414005279541,-29.293779373168945,-30.9183406829834,-33.28923797607422,-28.62979507446289,-5.082414627075195,-15.073363304138184,2.2233009338378906,-13.634992599487305,-0.7549697160720825,-8.234992027282715,-22.955278396606445,-7.821909427642822,-16.779390335083008,-16.57734489440918,asavari
asavari02.wav,0.32785552740097046,0.2841755747795105,1427.4394508142304,1217.0996868292334,2564.109495180679,0.09236716633610681,-91.21986389160156,158.83766174316406,-97.33316040039062,10.90955638885498,-51.646484375,2.5948574542999268,-17.964698791503906,-14.713927268981934,-21.753217697143555,-20.413293838500977,0.1250944882631302,-21.968053817749023,-4.073012828826904,-15.471283912658691,-5.398392677307129,-16.70317840576172,-21.5826358795166,-9.302790641784668,-17.80082893371582,-12.78038215637207,asavari
asavari03.wav,0.32785558700561523,0.2841755747795105,1427.441225891883,1217.1046059096093,2564.1261617465652,0.09236943389609133,-91.21990203857422,158.8376007080078,-97.33318328857422,10.90951919555664,-51.646549224853516,2.594843626022339,-17.964757919311523,-14.713968276977539,-21.75321388244629,-20.41340446472168,0.12515513598918915,-21.968170166015625,-4.0729899406433105,-15.471364974975586,-5.398420810699463,-16.703176498413086,-21.582748413085938,-9.302716255187988,-17.80097198486328,-12.78028678894043,asavari
asavari04.wav,0.32169678807258606,0.23788940906524658,1199.219411885121,1119.835959212358,1982.7046775227361,0.07657814616389319,-134.35023498535156,170.15768432617188,-64.38932037353516,-2.495840072631836,-32.998634338378906,-11.781298637390137,-21.481611251831055,-13.584121704101562,-30.11032485961914,-25.371841430664062,7.053437232971191,-18.55430793762207,-7.357093811035156,-9.861737251281738,-6.845128536224365,-5.518451690673828,-16.98517608642578,-3.9476215839385986,-11.182310104370117,-13.039597511291504,asavari
asavari05.wav,0.28099653124809265,0.32816994190216064,1176.3941200167412,1109.9258276338671,1948.7048831148413,0.06999617538215944,-86.0992660522461,171.1774444580078,-77.12506103515625,11.515080451965332,-32.747798919677734,-5.165399074554443,-31.35709571838379,-34.878822326660156,-32.1489372253418,-20.956138610839844,-4.617053508758545,-25.673912048339844,1.3739230632781982,-12.453853607177734,-13.391694068908691,-13.498679161071777,-14.908219337463379,2.030709743499756,-11.520721435546875,-14.094545364379883,asavari
asavari25.wav,0.25344428420066833,0.07214397937059402,2293.2836019520437,2167.7718193518485,4453.073072876355,0.10412446485584366,-291.2286682128906,53.99143600463867,-13.007328987121582,35.18709945678711,-12.005385398864746,9.878199577331543,0.3368934988975525,0.441375732421875,1.4572319984436035,5.780820846557617,-4.106848239898682,-5.078658103942871,-13.498468399047852,6.631669521331787,-10.216760635375977,3.1684584617614746,0.8862062692642212,7.80203914642334,9.028351783752441,9.940994262695312,asavari
asavari26.wav,0.24976392090320587,0.008229173719882965,1867.3956345992642,2128.407511525783,3730.0607781661183,0.06780268902380031,-506.70965576171875,72.20132446289062,-4.250007629394531,32.339599609375,-3.6967198848724365,11.875876426696777,-3.1047699451446533,3.3821797370910645,5.574201583862305,8.74940299987793,-2.782904624938965,-6.582186222076416,-3.6507599353790283,7.175734519958496,-10.412556648254395,6.237299919128418,4.21876335144043,11.119539260864258,10.740670204162598,11.521012306213379,asavari
asavari27.wav,0.2430170476436615,0.0453350655734539,1955.7033617121958,2138.6057854696833,3841.1017733830786,0.07717262480650154,-326.98394775390625,75.80703735351562,-5.437667369842529,30.127222061157227,-6.007776260375977,8.693594932556152,2.233393430709839,0.24794001877307892,0.627387523651123,12.280610084533691,-5.09052038192749,-5.99968957901001,-6.153501033782959,4.637569904327393,-7.204371929168701,-1.8835277557373047,-3.534433603286743,-1.7358840703964233,-3.1391241550445557,6.52724552154541,asavari
asavari28.wav,0.2465815544128418,0.04494188725948334,1985.6130411587471,2182.127641389516,3950.984442270946,0.07423046572658669,-325.0038146972656,74.1899185180664,-4.976498126983643,29.476303100585938,-5.275134563446045,9.95024299621582,3.7128751277923584,0.36017248034477234,-0.7398732304573059,13.353960037231445,-4.546646595001221,-5.330456256866455,-5.770468235015869,3.423609972000122,-6.421062469482422,-1.4285259246826172,-5.332365989685059,-1.3810549974441528,-3.2326486110687256,5.878148078918457,asavari
asavari29.wav,0.24658258259296417,0.044941894710063934,1985.6205370644607,2182.13092381252,3950.901109441515,0.07421912792666409,-325.0035400390625,74.18976593017578,-4.976386547088623,29.476139068603516,-5.274939060211182,9.950075149536133,3.7128493785858154,0.36039718985557556,-0.7403053045272827,13.354425430297852,-4.547122955322266,-5.329879283905029,-5.771240234375,3.424136161804199,-6.421389579772949,-1.428281307220459,-5.3322601318359375,-1.381026029586792,-3.2324419021606445,5.877972602844238,asavari
bageshree01.wav,0.30502116680145264,0.024329936131834984,1581.0858725122032,1924.1878739503888,2815.407975613148,0.07862424112325851,-308.63519287109375,127.4217758178711,-13.598255157470703,5.071454048156738,-9.092691421508789,-11.606889724731445,-12.118260383605957,4.399742126464844,-17.99115562438965,-13.41232681274414,4.376044750213623,5.042470932006836,13.31531810760498,8.418593406677246,-9.509445190429688,10.95966911315918,7.633796691894531,4.042544841766357,-1.9928650856018066,0.10689292103052139,bageshree
bageshree02.wav,0.3134976923465729,0.0318654403090477,1729.3233254437598,1828.2354204595606,3049.623226012239,0.09651566732778638,-277.5927734375,118.51892852783203,-37.41592025756836,4.970972061157227,-6.331013202667236,3.5774786472320557,-15.691305160522461,-6.0568084716796875,-11.260098457336426,0.3685322105884552,3.9922726154327393,-2.0612213611602783,7.448151588439941,10.793513298034668,-3.476524591445923,6.7902960777282715,6.885547161102295,8.791217803955078,-4.351970672607422,-1.4424710273742676,bageshree
bageshree03.wav,0.3671894967556,0.04798176884651184,1212.229112683852,1133.2981041610321,1954.4215152138158,0.08749984882933437,-271.49737548828125,185.60076904296875,-60.25831985473633,-12.923436164855957,-0.4734015166759491,-17.957563400268555,-15.120655059814453,-4.205972194671631,-5.171954154968262,-0.48760920763015747,2.895200490951538,-4.095500469207764,15.267227172851562,10.055129051208496,0.5141783952713013,1.3117899894714355,8.58848762512207,4.14678955078125,-2.0797550678253174,4.039783000946045,bageshree
bageshree04.wav,0.3137872815132141,0.0461447611451149,1241.1825109361832,1238.0758414580098,1882.1052858334947,0.08153200887674149,-280.28173828125,171.3205108642578,-47.867332458496094,-13.383448600769043,-14.65918254852295,7.130467891693115,-19.129568099975586,-4.466297149658203,-7.886338710784912,1.9728058576583862,9.446640968322754,-1.9360219240188599,13.38251781463623,9.146130561828613,-0.9572684168815613,7.08940315246582,8.207377433776855,6.015748500823975,-0.5823285579681396,-4.611635208129883,bageshree
bageshree05.wav,0.36393705010414124,0.03388988971710205,1770.3209055934892,1768.8682873019832,2941.1322153758706,0.11054770643866099,-245.18251037597656,120.92047119140625,-51.24565887451172,3.4660935401916504,2.816654920578003,5.015918254852295,-0.2294110804796219,8.65681266784668,6.119901180267334,6.392617225646973,4.231545925140381,8.558841705322266,6.058714866638184,5.093615531921387,-4.406789779663086,3.4375686645507812,-4.17324161529541,11.580741882324219,-1.2771636247634888,-0.8250204920768738,bageshree
bageshree24.wav,0.1534067690372467,0.3724028170108795,1533.3621727052373,1334.6918255326052,2820.399612096072,0.08357470249613003,-155.658203125,94.35528564453125,-74.4192886352539,23.5318546295166,-37.49285888671875,-8.819392204284668,-26.097551345825195,-10.052972793579102,-16.42992401123047,-25.458669662475586,-20.073036193847656,-23.0375919342041,-10.761153221130371,-16.821060180664062,-2.787034511566162,-13.527514457702637,-7.225398540496826,-9.23557186126709,-17.796958923339844,-8.860921859741211,bageshree
bageshree25.wav,0.21263335645198822,0.31640198826789856,1477.370180201526,1241.6202587242738,2585.1260347632065,0.0979544341379644,-144.57046508789062,118.42852783203125,-70.47383880615234,16.351770401000977,-32.06433868408203,-7.587632179260254,-23.293527603149414,-15.181488037109375,-13.37272834777832,-29.704076766967773,-21.432628631591797,-18.740957260131836,-7.722298622131348,-17.630203247070312,-10.201212882995605,-12.240389823913574,-10.45883560180664,-10.661593437194824,-15.859617233276367,-7.288832664489746,bageshree
bageshree27.wav,0.246906578540802,0.05247903987765312,1987.2013925937943,2095.5936632492944,3990.7175353437015,0.07728713658571981,-317.55450439453125,68.72005462646484,-10.57624626159668,37.49895477294922,-11.318496704101562,7.1001081466674805,2.4934468269348145,0.6443129777908325,0.6027923226356506,7.926330089569092,-1.8886926174163818,-3.984039068222046,-6.591546058654785,5.598323822021484,-10.48410701751709,-0.4609454274177551,-3.9274587631225586,3.2769434452056885,5.593976974487305,14.001230239868164,bageshree
bageshree28.wav,0.25110942125320435,0.043062493205070496,1907.4356037746068,2142.087783463457,3919.709631385449,0.06406272675599846,-332.7229919433594,75.64517974853516,-8.09206485748291,39.149044036865234,-6.778225898742676,7.9615044593811035,2.857210874557495,1.7447816133499146,-0.17085592448711395,9.15778636932373,-3.1432268619537354,-4.1170878410339355,-5.173823356628418,4.6165618896484375,-9.338168144226074,0.026433797553181648,-4.152348518371582,1.1300469636917114,-0.056987468153238297,8.182051658630371,bageshree
bageshree29.wav,0.25292545557022095,0.047213271260261536,2040.7357068293982,2170.4830513169236,4211.524533487326,0.07119798217395511,-314.3393859863281,68.46234130859375,-9.685592651367188,40.28322219848633,-10.062545776367188,8.076664924621582,0.9686504006385803,1.241178274154663,-0.728034257888794,8.676923751831055,-4.4145426750183105,-4.632953643798828,-6.0294880867004395,6.804396629333496,-7.8970465660095215,-1.7811963558197021,-1.5243117809295654,-1.3212982416152954,-0.656297504901886,7.845597267150879,bageshree
bageshree30.wav,0.26432573795318604,0.05267878249287605,2134.1984000401735,2151.667863859858,4216.849501287974,0.08126292509191177,-293.1521301269531,68.81385803222656,-19.536346435546875,39.93476867675781,-7.314192295074463,4.438222408294678,2.8433938026428223,0.6894735097885132,-0.24361658096313477,10.832735061645508,-4.344601154327393,-3.7441651821136475,-6.9232001304626465,5.884365081787109,-4.193368434906006,-5.466124057769775,0.23156501352787018,-2.589942455291748,-2.660339832305908,7.412711143493652,bageshree
bageshree31.wav,0.26709458231925964,0.053115230053663254,2140.1903819084637,2157.343775262402,4224.1577904290825,0.08237969838428792,-292.744873046875,65.39302825927734,-17.668962478637695,42.770301818847656,-7.261296272277832,3.1369662284851074,-0.5956913232803345,0.21692442893981934,-1.1374908685684204,12.7757568359375,-4.107543468475342,-3.718437910079956,-6.304001808166504,5.8089141845703125,-4.789042949676514,-5.217331886291504,0.08315331488847733,-3.840989589691162,-2.327563762664795,4.6970367431640625,bageshree
Bhairavi01.wav,0.3769451081752777,0.16316135227680206,1461.2614793320063,1519.1528180590128,2284.386186629257,0.08251877539667182,-128.92587280273438,141.287109375,-55.81724166870117,-18.231006622314453,-11.953907012939453,12.152715682983398,-3.622349500656128,8.897470474243164,-11.133830070495605,14.232766151428223,16.687917709350586,-8.87753963470459,-4.538442611694336,9.17264175415039,-4.296078681945801,-2.7382853031158447,-9.541260719299316,-0.6521060466766357,-13.28986644744873,-4.643167495727539,bhairavi
Bhairavi02.wav,0.3118147850036621,0.1656491458415985,1463.2794729226205,1589.3196052576286,2345.4191509046054,0.07983625193498452,-145.10394287109375,138.77589416503906,-47.1482048034668,-18.447181701660156,-11.466882705688477,11.996987342834473,-5.952040195465088,10.788576126098633,-16.82716941833496,15.963022232055664,17.30367088317871,-13.398253440856934,0.5986623167991638,7.150291442871094,-6.419459819793701,-3.2250349521636963,-2.0054879188537598,-4.94426965713501,-17.9752140045166,-4.800602912902832,bhairavi
Bhairavi03.wav,0.40427637100219727,0.17047804594039917,1528.9485775230135,1516.7089719920273,2423.927009511658,0.0898237198868034,-108.34709930419922,138.2162628173828,-63.03671646118164,-12.988753318786621,-16.170114517211914,16.019989013671875,-7.22475004196167,5.96023416519165,-7.653785705566406,11.328064918518066,10.08975887298584,-6.753809452056885,-2.8695921897888184,5.150732040405273,-3.9554173946380615,-1.7623710632324219,-4.416703224182129,0.40863868594169617,-12.44019603729248,-3.6309587955474854,bhairavi
Bhairavi04.wav,0.36728906631469727,0.13934826850891113,1496.49937479073,1576.3129490516449,2355.252424777477,0.08578519555437307,-149.0476531982422,137.95582580566406,-52.07015609741211,-17.932201385498047,-10.661928176879883,12.294617652893066,-6.635709762573242,10.00927734375,-13.814713478088379,17.695131301879883,14.914894104003906,-11.633089065551758,2.886481523513794,5.491472244262695,-11.731616020202637,-2.666086196899414,-1.9947413206100464,-1.7003731727600098,-15.405497550964355,-5.660603046417236,bhairavi
Bhairavi05.wav,0.31077951192855835,0.16217738389968872,1481.9089778645641,1635.4211630510338,2448.060196914909,0.07506114853424922,-155.28880310058594,133.61839294433594,-45.54384994506836,-15.745855331420898,-11.940958023071289,10.554560661315918,-4.633904933929443,13.664759635925293,-11.964799880981445,21.076021194458008,18.7973575592041,-13.591718673706055,3.6072728633880615,7.261176109313965,-9.276799201965332,-6.151970863342285,-6.136784553527832,-4.376219272613525,-12.159074783325195,-2.709866762161255,bhairavi
bhairavi27.wav,0.2646620571613312,0.06188562139868736,2141.8007296736687,2121.3540628477376,4153.841548955108,0.08575987446787926,-300.929443359375,59.939640045166016,-16.96393585205078,45.64860153198242,-7.48701810836792,-0.5906926393508911,3.703278064727783,1.3588422536849976,0.418612539768219,7.1659111976623535,-6.151237487792969,-6.17697286605835,-9.836448669433594,6.255201816558838,-7.186213493347168,1.3455970287322998,1.2392457723617554,1.4643748998641968,0.6560967564582825,2.2577569484710693,bhairavi
bhairavi28.wav,0.268322229385376,0.06339108198881149,2257.5223724648295,2174.010097055426,4366.60692905863,0.09301266507836688,-297.67779541015625,51.8946533203125,-16.041566848754883,48.15553665161133,-7.831373691558838,-3.7436444759368896,2.957862615585327,6.100138187408447,-1.0978564023971558,4.72966194152832,-3.7728586196899414,-5.129568576812744,-10.825819969177246,7.383192539215088,-7.383344650268555,1.7862310409545898,2.266838550567627,4.095729827880859,4.042112827301025,5.32855224609375,bhairavi
bhairavi29.wav,0.26098519563674927,0.06645915657281876,2294.78913524929,2189.070619159645,4469.822971592009,0.09525603775638544,-289.94189453125,49.79570770263672,-14.698412895202637,48.569400787353516,-10.291311264038086,-2.2033329010009766,3.1340560913085938,5.618039608001709,-0.9501405954360962,3.6412405967712402,-3.089942216873169,-5.76224946975708,-9.744373321533203,5.933516502380371,-6.484201908111572,0.16091305017471313,3.1193926334381104,4.033770561218262,3.8238484859466553,6.747310638427734,bhairavi
bhairavi30.wav,0.262018620967865,0.0606268011033535,2200.113374323966,2209.366213762899,4309.457274634771,0.0848585193740325,-296.9998779296875,56.00061798095703,-13.155963897705078,45.45285415649414,-5.713340759277344,-2.729437828063965,3.747694969177246,3.644252300262451,-0.9597135186195374,6.7093095779418945,-4.467195987701416,-6.003849029541016,-10.182560920715332,6.521991729736328,-6.6839280128479,0.21415705978870392,1.1473374366760254,1.1287274360656738,-0.02168089710175991,4.445387840270996,bhairavi
bhairavi31.wav,0.2669146656990051,0.056680768728256226,2483.2045912391177,2227.9385023476234,4776.237785410217,0.10758513931888544,-287.83514404296875,41.17750549316406,-17.72063446044922,46.31450271606445,-10.76907730102539,3.0927114486694336,-0.017563622444868088,4.77070426940918,-2.2559399604797363,5.448206424713135,-2.2282347679138184,-6.992031574249268,-8.438872337341309,10.932363510131836,-4.542210102081299,3.532834529876709,-0.21052442491054535,-1.4772841930389404,1.0763344764709473,6.64809513092041,bhairavi
bhoop01.wav,0.3398394286632538,0.003028511768206954,1230.1991768931025,1194.641433639202,1863.380399060323,0.085457911063274,-532.6468505859375,173.56629943847656,-64.08770751953125,-17.712377548217773,-4.258553981781006,-10.729301452636719,-13.36506175994873,-9.03238582611084,-5.158343315124512,2.584735155105591,-2.0565061569213867,-2.0012314319610596,5.377227306365967,11.981030464172363,0.6017112135887146,5.234429359436035,0.0008405207190662622,7.7055511474609375,1.8598603010177612,-0.5029003620147705,bhoopali
bhoop02.wav,0.3102480173110962,0.019482949748635292,1226.8860371163112,1517.405074445473,1725.0395689217298,0.057923308097910214,-383.1567687988281,157.93263244628906,-26.93453025817871,-23.42751693725586,-9.270476341247559,5.631162166595459,-19.50252342224121,2.4977529048919678,-16.55436134338379,-2.2598650455474854,14.130897521972656,4.254956245422363,-0.7788209915161133,6.615781784057617,-2.455657482147217,2.4321675300598145,-12.368270874023438,7.518706798553467,-8.334168434143066,-6.787574768066406,bhoopali
bhoop03.wav,0.2858891487121582,0.07052646577358246,1228.7114550115118,1349.2251299703223,1871.372017402767,0.07476712158958979,-222.54898071289062,163.74734497070312,-37.13786315917969,-6.305622577667236,-6.025865077972412,7.098666667938232,-14.636628150939941,-13.317960739135742,-19.641952514648438,-2.4672255516052246,6.393933296203613,-5.4803147315979,0.8035494685173035,8.004267692565918,2.6266584396362305,8.483317375183105,-1.0608336925506592,9.834617614746094,3.0654172897338867,-0.10507291555404663,bhoopali
bhoop04.wav,0.27967214584350586,0.061489954590797424,1142.307072386473,1261.1036677347186,1707.856339493034,0.06822369932759288,-251.50271606445312,174.84979248046875,-39.34662628173828,-5.6722092628479,-11.745620727539062,3.9939804077148438,-14.067479133605957,-8.061563491821289,-19.528810501098633,-2.809231996536255,6.734003067016602,-2.4292452335357666,4.112646102905273,10.203514099121094,6.995084762573242,10.303945541381836,-8.767677307128906,14.425375938415527,1.3118706941604614,0.01771649345755577,bhoopali
bhoop05.wav,0.2725130617618561,0.05279996991157532,1171.676441464294,1351.9863680904205,1794.8391468532313,0.06498751330301858,-260.7865295410156,166.90298461914062,-33.90835952758789,-2.8892011642456055,-6.009204387664795,6.013473033905029,-9.752301216125488,-8.051131248474121,-23.419639587402344,-2.2750253677368164,13.807520866394043,-1.7457507848739624,4.993956089019775,10.202795028686523,4.713620662689209,2.4667444229125977,-4.48325252532959,14.486625671386719,0.807997465133667,4.839716911315918,bhoopali
bhoopali21.wav,0.2916802167892456,0.05251570791006088,2316.280326170354,2225.59618013158,4542.472532290054,0.10684667061726007,-287.4472351074219,70.40314483642578,-8.153716087341309,31.372562408447266,-2.686849594116211,9.567139625549316,-0.7106749415397644,-3.5276038646698,-0.6838737726211548,12.417064666748047,-2.7616584300994873,-3.7873101234436035,-8.644269943237305,10.30196762084961,-4.049494743347168,-0.5589115619659424,-0.5695153474807739,-1.1046277284622192,-0.9295660257339478,6.973266124725342,bhoopali
bhoopali22.wav,0.2741074562072754,0.04876355826854706,2371.043188530753,2211.6033891350407,4698.996585810517,0.11542333833204334,-300.2198486328125,61.885093688964844,-10.684266090393066,30.046178817749023,-10.481607437133789,12.736660957336426,-0.4171449542045593,-3.323951244354248,0.08293420821428299,14.331201553344727,-0.668002724647522,-5.019345283508301,-9.161090850830078,9.933350563049316,-3.33483624458313,0.7677363157272339,2.102872848510742,2.313950300216675,5.668276309967041,8.63515567779541,bhoopali
bhoopali23.wav,0.27805987000465393,0.04615432024002075,2390.1647444144537,2245.1366377053914,4716.313147766302,0.11006962920859133,-298.8648986816406,61.710975646972656,-8.344552993774414,30.72580909729004,-7.921501636505127,9.921782493591309,-1.610068440437317,-2.0012118816375732,-2.144378900527954,14.454023361206055,-1.1858341693878174,-4.3724284172058105,-7.43497371673584,9.675504684448242,-4.895139694213867,-0.5813524723052979,-0.3880557715892792,-0.9043588638305664,3.0450856685638428,9.078838348388672,bhoopali
bhoopali24.wav,0.2837912440299988,0.04308849200606346,2320.974473680984,2195.3069608827604,4601.213843756047,0.11100575355553406,-305.2447204589844,66.20452880859375,-8.699797630310059,31.801116943359375,-8.336860656738281,11.183699607849121,-0.15104368329048157,-2.987078905105591,-1.8676928281784058,14.6312255859375,-0.0014216420240700245,-3.7781929969787598,-8.884222984313965,10.502382278442383,-3.7281525135040283,-2.6585872173309326,0.6711100935935974,-1.128932237625122,1.2115994691848755,7.823223114013672,bhoopali
bhoopali25.wav,0.2855270504951477,0.043450500816106796,2322.2715359608596,2212.490582487277,4692.046627835962,0.1065643593991873,-303.5467834472656,69.70030975341797,-9.764009475708008,32.15196228027344,-8.457490921020508,9.831326484680176,2.8095953464508057,-4.5559210777282715,2.281959295272827,13.01697063446045,-2.51192045211792,-1.5761957168579102,-7.989004611968994,9.851189613342285,-1.1519620418548584,-1.6143743991851807,0.8049545288085938,-3.3579294681549072,-3.745903968811035,10.163217544555664,bhoopali
darbari26.wav,0.28525564074516296,0.06668920814990997,2234.6706929312254,2220.575457196342,4330.643882709591,0.09776291077799122,-306.8569641113281,59.662540435791016,-9.458169937133789,28.6701602935791,-7.472585201263428,8.031007766723633,1.047432541847229,-2.0545806884765625,1.7226324081420898,12.140016555786133,-0.3628186881542206,-7.061651229858398,-10.419953346252441,8.895988464355469,-5.625366687774658,-2.228160858154297,-4.903134822845459,1.5799574851989746,3.048408031463623,12.485453605651855,darbari
darbari27.wav,0.2981579899787903,0.06461919844150543,2236.1458363960646,2244.4045806339063,4327.54773291472,0.09363439447040499,-307.22967529296875,60.69484329223633,-8.453178405761719,26.747570037841797,-6.463757514953613,8.229537010192871,1.4421366453170776,-0.5734390616416931,-0.5267486572265625,13.5703125,-0.43918660283088684,-5.6233673095703125,-9.365477561950684,7.642758846282959,-4.769568920135498,-1.8029711246490479,-5.131511211395264,1.401168942451477,2.3876101970672607,11.1876802444458,darbari
darbari28.wav,0.2682172656059265,0.06478551775217056,2184.0008502480096,2235.443491679582,4277.789593947331,0.08802180503731344,-303.0900573730469,62.42039489746094,-4.936005115509033,30.470930099487305,-9.006754875183105,7.64235258102417,4.021456241607666,0.10071992129087448,-0.9491289854049683,11.490813255310059,-0.4736744463443756,-3.5748860836029053,-10.115091323852539,5.912729263305664,-6.00496244430542,-1.3829631805419922,-4.977607250213623,1.5072517395019531,0.8021692633628845,10.48569393157959,darbari
darbari29.wav,0.27238380908966064,0.0682724118232727,2190.7546440529545,2216.7697096750603,4231.226455926364,0.09090187395601336,-301.0821228027344,59.41816711425781,-7.6973676681518555,29.868431091308594,-7.014729022979736,6.958240509033203,2.012425184249878,0.49206286668777466,-1.6250356435775757,11.928108215332031,0.5043299198150635,-6.576230525970459,-7.786303520202637,7.508715629577637,-6.874527454376221,-0.89387446641922,-5.513955593109131,2.01098370552063,2.0486607551574707,9.891562461853027,darbari
darbari30.wav,0.2602900564670563,0.06738822162151337,2191.5433822335663,2213.547215741553,4274.668922165984,0.09277013085496615,-301.07830810546875,61.534820556640625,-7.962302207946777,29.163105010986328,-8.90617561340332,7.7944536209106445,2.623842239379883,-1.0570433139801025,0.2717132568359375,13.050644874572754,0.1040140837430954,-4.815765380859375,-8.31187915802002,5.937160015106201,-6.510533809661865,-0.13817133009433746,-4.737736701965332,2.602334499359131,1.9346843957901,12.336130142211914,darbari
DKanada01.wav,0.29907163977622986,0.26725301146507263,1355.8293142436553,1345.811664944033,2094.6040008828368,0.08529691430437307,-97.51712799072266,149.82398986816406,-61.09818649291992,-11.621201515197754,-15.415498733520508,-6.89800500869751,-27.27198028564453,-16.514659881591797,-29.160404205322266,-1.4593428373336792,0.4875258803367615,-9.426977157592773,6.543130397796631,3.7017343044281006,-2.176377534866333,-1.0210992097854614,-5.900278568267822,6.394359588623047,-8.806653022766113,-4.309571266174316,dkanada
DKanada02.wav,0.2907995283603668,0.2616178095340729,1347.6734236524846,1379.627534200925,2216.961594336542,0.0778071636755031,-109.33424377441406,147.3807830810547,-55.07952880859375,-4.776950836181641,-16.057878494262695,-13.381131172180176,-23.637876510620117,-8.683953285217285,-26.057876586914062,-1.61243736743927,2.5374341011047363,-10.16003704071045,4.978297233581543,2.533019781112671,-4.2332611083984375,-0.7107835412025452,-5.05388879776001,3.1502926349639893,-7.704617023468018,-4.12424898147583,dkanada
DKanada03.wav,0.30076485872268677,0.23737242817878723,1364.334469877998,1374.7088930633981,2358.244073354054,0.0813812161377709,-103.41372680664062,151.29331970214844,-59.39216232299805,-1.9237011671066284,-13.551254272460938,-19.54965591430664,-20.89153289794922,-6.64804744720459,-31.34225082397461,-3.4270200729370117,6.942324638366699,-2.286834955215454,10.579733848571777,0.6475603580474854,-11.161473274230957,0.3251343369483948,-0.8059316277503967,9.424930572509766,-9.916520118713379,-0.9000762104988098,dkanada
DKanada04.wav,0.32903823256492615,0.18352484703063965,1344.7704047944776,1374.9787679770332,2223.6948869545763,0.08251915332333591,-122.22412109375,155.28985595703125,-58.18667221069336,-1.756576657295227,-11.40446662902832,-14.427899360656738,-19.410072326660156,-9.1220064163208,-27.962018966674805,-1.4728567600250244,-0.28797033429145813,-5.225576400756836,10.806188583374023,2.160304546356201,-7.657470703125,3.855543613433838,-1.9933003187179565,7.5069756507873535,-8.040828704833984,-3.3042407035827637,dkanada
DKanada05.wav,0.292490154504776,0.21426710486412048,1295.5366189053088,1354.0154138017733,2147.262015800358,0.07429471325948142,-115.61312103271484,156.19912719726562,-56.552764892578125,-3.0114691257476807,-10.323040008544922,-15.764764785766602,-25.082378387451172,-12.071662902832031,-26.917373657226562,-2.9554762840270996,4.235030174255371,-3.0147252082824707,10.791242599487305,-1.3007477521896362,-5.926884174346924,3.3812754154205322,-2.977332353591919,9.612222671508789,-8.65857982635498,-3.356436252593994,dkanada
malkauns01.wav,0.3660018742084503,0.06623835861682892,1251.813953576936,1210.916899568699,1932.60498046875,0.08464196739551083,-234.49850463867188,172.7352752685547,-53.128761291503906,-7.801832675933838,-19.60845375061035,1.5479108095169067,-23.532121658325195,0.8499629497528076,-9.196056365966797,-0.8354204893112183,1.888637661933899,-1.643332839012146,12.533258438110352,6.300711631774902,-0.39215409755706787,2.9945898056030273,5.224865436553955,3.7064144611358643,-0.47822603583335876,-2.413449764251709,malkauns
malkauns02.wav,0.3260526955127716,0.05500148609280586,1303.1688080043705,1377.5809374227022,2001.687896067144,0.08195831015383127,-245.68711853027344,160.96383666992188,-40.6729621887207,-10.088212966918945,-12.30845832824707,5.6230387687683105,-30.32070541381836,-4.074979782104492,-8.466832160949707,-4.545659065246582,0.5462812781333923,-0.10406481474637985,10.793790817260742,8.508988380432129,1.3350589275360107,3.636838912963867,9.846708297729492,4.547371864318848,1.1293164491653442,-2.8220529556274414,malkauns
malkauns03.wav,0.3480657935142517,0.07472923398017883,1307.375866714238,1294.008372998749,2002.587890625,0.08841065208978328,-224.89199829101562,164.68356323242188,-51.16175079345703,-13.577248573303223,-2.9287428855895996,-2.4220917224884033,-33.04087829589844,-7.77842903137207,-7.435418605804443,-3.1071362495422363,1.473572850227356,2.775214433670044,4.950376510620117,11.28718376159668,-0.28579333424568176,9.568876266479492,3.1727378368377686,12.802386283874512,-0.3774450421333313,-2.374358892440796,malkauns
malkauns04.wav,0.2729174494743347,0.1063695177435875,1303.0522622868834,1324.065387864594,1952.9798572646575,0.08047154665731424,-211.95518493652344,151.7843017578125,-44.32546615600586,-11.735870361328125,-15.517321586608887,2.5922629833221436,-31.610355377197266,-8.158854484558105,-12.317261695861816,-5.762515068054199,1.9356111288070679,-4.174182415008545,2.673621654510498,9.785724639892578,5.392123699188232,7.479470252990723,6.693283557891846,8.471539497375488,-1.9456839561462402,-2.0634708404541016,malkauns
malkauns05.wav,0.34557482600212097,0.06515226513147354,1160.9667887773553,1003.7907594987663,1782.2308897603039,0.08467824835526316,-268.97784423828125,196.07742309570312,-61.86088562011719,-21.577299118041992,-2.5442018508911133,-12.248772621154785,-15.404881477355957,-6.320806980133057,-12.209624290466309,-0.26338720321655273,5.055130481719971,-2.705979824066162,10.996591567993164,6.473452091217041,0.014774015173316002,2.513542890548706,7.099640369415283,5.986781120300293,-1.2119407653808594,-1.1508294343948364,malkauns
malkauns25.wav,0.30760622024536133,0.05989370495080948,1688.7093448094433,1997.3234737639525,3358.768748509065,0.06517473759541985,-291.22216796875,87.24754333496094,-17.172016143798828,33.864559173583984,2.1340386867523193,14.812904357910156,4.09854793548584,0.18268027901649475,1.6150200366973877,14.464234352111816,1.439144492149353,-4.910408973693848,-2.8160793781280518,10.351635932922363,-3.4484689235687256,6.109890460968018,-4.036983966827393,-2.6499180793762207,-3.653043270111084,-3.1343462467193604,malkauns
malkauns26.wav,0.2690717577934265,0.04918498918414116,1947.28308440048,2165.425407141136,3829.5350460423197,0.08123683630485894,-341.2128601074219,73.69927978515625,-6.454361915588379,28.704910278320312,-8.882281303405762,2.3553950786590576,3.4549877643585205,-0.2702876031398773,-0.04919629544019699,5.648322105407715,-5.6330885887146,-1.055359125137329,-10.47310733795166,7.657947540283203,-12.226072311401367,-2.440566301345825,-2.431614875793457,9.662506103515625,14.636959075927734,20.865388870239258,malkauns
malkauns27.wav,0.2773984372615814,0.05527278035879135,1993.4686826643874,2130.779347794431,3851.456386841203,0.08698370763126959,-325.6950988769531,73.48667907714844,-10.936532974243164,26.3552303314209,-9.39302921295166,5.571946620941162,2.8406589031219482,0.21866634488105774,-1.0423557758331299,8.799965858459473,-3.7835636138916016,-3.2229673862457275,-9.785137176513672,7.199923038482666,-13.789463996887207,-0.9223226308822632,-2.1899001598358154,4.683557987213135,11.145547866821289,15.323012351989746,malkauns
malkauns28.wav,0.29497331380844116,0.05213075131177902,1846.760989563086,2048.5956590361498,3527.860608731511,0.07958361278277262,-316.9552001953125,85.71186065673828,-11.73965072631836,28.932645797729492,1.6139663457870483,11.862929344177246,4.529284477233887,0.5419934391975403,-0.3585171103477478,12.35039234161377,-2.003549337387085,-5.984076023101807,-4.456226825714111,9.157185554504395,-5.448617935180664,2.0382347106933594,-2.931708812713623,-5.076152801513672,-3.2030272483825684,-0.6454597115516663,malkauns
malkauns29.wav,0.2535688877105713,0.007624249905347824,1910.2268939911717,2166.5544432927636,3904.268058091863,0.06586468109036378,-492.2981872558594,73.9489517211914,-6.014580726623535,39.0928840637207,-1.5923045873641968,6.10349178314209,-2.1765387058258057,4.1716508865356445,-0.27459508180618286,9.205511093139648,-0.6479511857032776,-7.046943187713623,-3.1780636310577393,10.62753677368164,-7.175370216369629,3.8006436824798584,-3.673757791519165,-1.1747313737869263,-0.7273058891296387,7.029392719268799,malkauns
sarang01.wav,0.2485789656639099,0.07645514607429504,1098.9660097689568,1270.3686509656197,1776.9225885255419,0.05790932481133901,-280.7117004394531,165.6523895263672,-27.70121955871582,-16.94548225402832,4.336456298828125,0.1956779807806015,-27.787796020507812,-9.293927192687988,-8.0712890625,2.7169485092163086,1.1757087707519531,-5.664185047149658,5.400606155395508,6.128986358642578,1.2038339376449585,0.9126073122024536,-5.8837761878967285,1.8006585836410522,-4.204917907714844,-2.2003366947174072,sarangi
sarang02.wav,0.2855992913246155,0.05573822557926178,1153.9622741196104,1196.733996886782,1769.1143024078463,0.0729867090750774,-283.3682861328125,183.3538055419922,-43.3651123046875,-14.426928520202637,1.5620062351226807,-1.6644903421401978,-16.50013542175293,-6.121423244476318,-9.091313362121582,9.758269309997559,7.473625183105469,-1.4817488193511963,4.376452922821045,7.103450775146484,0.010225561447441578,8.620769500732422,-6.322466850280762,7.809027671813965,0.3231080174446106,-4.294632911682129,sarangi
sarang03.wav,0.251051664352417,0.05546450614929199,1341.9682411691142,1530.2391578091601,2301.5610827750097,0.07120931997387771,-246.1954345703125,156.34967041015625,-35.976829528808594,7.143951416015625,6.483875274658203,2.6508312225341797,-12.180238723754883,2.9358396530151367,-15.737374305725098,3.085432767868042,4.210334300994873,0.15177182853221893,-4.776647090911865,7.1397013664245605,4.412644386291504,11.401620864868164,-3.413041353225708,12.450751304626465,-3.3062329292297363,-2.1892406940460205,sarangi
sarang04.wav,0.2692849636077881,0.08565894514322281,1210.60112527816,1327.8062447807365,1792.9724914739745,0.07013600824787151,-245.7313232421875,167.72579956054688,-34.722694396972656,-21.912324905395508,-6.29390287399292,2.9021244049072266,-24.812381744384766,-10.042232513427734,-8.05975341796875,6.172466278076172,3.247669219970703,-4.078557968139648,3.064335584640503,3.505228281021118,-0.26122385263442993,4.829769134521484,-8.808938026428223,7.649052143096924,-3.0471606254577637,-0.3069232106208801,sarangi
sarang05.wav,0.2418447881937027,0.060933563858270645,1268.4741157369021,1405.7518020634252,2037.4960128736939,0.07254982585139319,-236.08932495117188,163.9261016845703,-37.78861618041992,4.0023512840271,5.72056245803833,7.437630653381348,-15.95876407623291,-10.15578842163086,-16.722003936767578,1.3571616411209106,-3.4758214950561523,1.643127679824829,6.972507476806641,7.370218276977539,3.788100242614746,6.047188758850098,-5.540797710418701,11.98405647277832,9.34581184387207,2.3808679580688477,sarangi
sarang16.wav,0.2793932855129242,0.06611540168523788,2217.2577475699077,2214.5452850925576,4344.122403772866,0.09466145833333334,-318.98004150390625,57.734745025634766,-7.235732555389404,24.868921279907227,-9.528021812438965,9.05852222442627,4.43065071105957,-3.1306509971618652,2.08780837059021,10.418745040893555,-1.6662129163742065,-4.424973487854004,-12.148292541503906,6.917914867401123,0.4967484772205353,8.524077415466309,8.553409576416016,7.947105884552002,-0.6367413997650146,2.5540361404418945,sarangi
sarang17.wav,0.28265735507011414,0.065301813185215,2133.06778662658,2209.221745030097,4149.535775533536,0.08670207698170732,-319.7922668457031,60.34104919433594,-8.179243087768555,23.126697540283203,-6.669641494750977,10.412955284118652,0.31388580799102783,0.48695167899131775,1.1278914213180542,9.131697654724121,-0.6818148493766785,-8.020687103271484,-11.648028373718262,10.681777000427246,-3.4751384258270264,9.348432540893555,7.435596942901611,9.763671875,1.3384562730789185,1.248491883277893,sarangi
sarang18.wav,0.26933804154396057,0.07064592093229294,2162.7526248843456,2208.5863163452273,4283.7833737864075,0.08738575166868932,-308.44158935546875,57.161842346191406,-7.329662322998047,25.64379119873047,-12.141552925109863,10.218936920166016,4.884918212890625,-0.8758845329284668,1.1169220209121704,9.521730422973633,-0.9428842067718506,-6.268876552581787,-10.674703598022461,7.572702407836914,-0.4106464982032776,9.027233123779297,7.972354412078857,9.533516883850098,-1.0970417261123657,3.051290273666382,sarangi
sarang19.wav,0.26887595653533936,0.06602795422077179,2187.153558907048,2191.959138300262,4270.673276441295,0.09282037178541315,-320.042724609375,57.94892120361328,-8.094443321228027,26.012069702148438,-9.05247688293457,7.326894760131836,6.188188552856445,-0.9014532566070557,1.1705732345581055,10.07968521118164,-3.585775375366211,-5.699066162109375,-9.239814758300781,5.640119552612305,-0.9223741888999939,8.555256843566895,7.782792091369629,8.59093952178955,-0.07280433923006058,1.6469881534576416,sarangi
sarang20.wav,0.29866841435432434,0.06731981784105301,2136.3556056860784,2235.164318211825,4305.904593414646,0.08596932755365659,-316.5030822753906,56.72132110595703,-6.449932098388672,26.293533325195312,-9.8436279296875,10.884038925170898,4.840332508087158,0.2399628460407257,1.893527865409851,10.918289184570312,0.348235160112381,-4.5442728996276855,-12.05762767791748,7.963618755340576,2.488269329071045,10.4895601272583,6.56113862991333,8.38016414642334,-0.5206320285797119,4.747621059417725,sarangi
yaman01.wav,0.3727377653121948,0.0323910228908062,1241.7270968897303,1266.784819112307,1946.4965631349169,0.09000058956559598,-298.1896667480469,173.18109130859375,-46.06969451904297,-9.780891418457031,-0.9410000443458557,2.159928560256958,-21.797313690185547,-5.958690166473389,-0.20005391538143158,9.324952125549316,5.597285747528076,2.225731372833252,13.015478134155273,11.655363082885742,4.392384052276611,7.336200714111328,-2.289121627807617,5.298217296600342,-3.7482759952545166,0.8856976628303528,yaman
yaman02.wav,0.3694688677787781,0.05852469056844711,1207.7805268337984,1021.9564708321911,1902.0634984822466,0.09524961300309598,-261.0631103515625,194.59288024902344,-69.13324737548828,-17.759828567504883,6.770335674285889,-2.4355525970458984,-20.421945571899414,-5.022630214691162,-6.347759246826172,4.1504292488098145,5.295279026031494,-1.9883031845092773,11.557645797729492,8.474836349487305,3.179450273513794,6.83861780166626,-0.7883484363555908,4.82990026473999,3.007681131362915,-0.46769559383392334,yaman
yaman03.wav,0.38448721170425415,0.06191016361117363,1280.3941311351368,1016.4069742076509,1924.4966961651025,0.10618567688177244,-261.0829772949219,187.66456604003906,-74.58003234863281,-29.323427200317383,10.987115859985352,-7.2055768966674805,-20.88636589050293,-11.205672264099121,-6.280052185058594,4.1790666580200195,3.9726860523223877,-4.151764869689941,10.186358451843262,7.419528007507324,2.823078155517578,3.760746717453003,-2.5785984992980957,5.29198694229126,0.4774048924446106,2.120483636856079,yaman
yaman04.wav,0.28150901198387146,0.05394681543111801,1128.2302894117342,1084.837639590562,1667.773248536668,0.07595116582817338,-311.0269775390625,186.3747100830078,-46.48209762573242,-35.4611701965332,-4.982214450836182,4.785069942474365,-5.109889984130859,-0.01596793346107006,2.189361333847046,10.891707420349121,9.652803421020508,7.430138111114502,5.192666053771973,1.8018953800201416,1.9746150970458984,-0.6381196975708008,-8.298932075500488,5.371633529663086,-5.116310119628906,-4.006831645965576,yaman
yaman05.wav,0.3161189556121826,0.04271845519542694,1194.9244981573743,1176.426895892423,1714.0396354368227,0.0822413772252322,-312.2242736816406,176.36305236816406,-46.68345260620117,-35.99924850463867,-5.451818466186523,7.0267767906188965,-0.34336599707603455,0.9797461628913879,1.6176716089248657,12.614099502563477,9.255075454711914,5.970459938049316,6.578690528869629,2.857235908508301,0.6547909379005432,1.8762619495391846,-9.101777076721191,4.687086582183838,-9.946255683898926,-3.982668399810791,yaman
yaman23.wav,0.24838252365589142,0.06381354480981827,2216.7275632510873,2208.9476506250894,4373.456887637868,0.08342768902380031,-282.78570556640625,55.75033950805664,-8.157979011535645,48.598602294921875,-10.860142707824707,-0.6010191440582275,2.5216434001922607,2.798269271850586,-4.293310642242432,8.079277992248535,-2.592712163925171,-4.9462409019470215,-11.162127494812012,5.946987628936768,-5.866837978363037,-4.361374855041504,-1.0811958312988281,-0.14692360162734985,-6.88316011428833,2.5393927097320557,yaman
yaman24.wav,0.2483888417482376,0.06723316758871078,2192.987344198631,2182.738273216732,4309.865605498984,0.08031810843169504,-280.26641845703125,54.845298767089844,-9.459324836730957,50.43684768676758,-9.16600227355957,-0.13189224898815155,1.9174621105194092,2.311746597290039,-5.115231513977051,9.143021583557129,-3.2508630752563477,-5.676716327667236,-11.055137634277344,6.697124481201172,-6.504716396331787,-4.3542962074279785,-1.5300472974777222,-0.25225692987442017,-5.831442356109619,1.5436599254608154,yaman
yaman25.wav,0.2441728711128235,0.06410868465900421,2130.74766371052,2175.310853744499,4212.899525172939,0.0755985602505805,-286.3431091308594,59.65731430053711,-7.608284950256348,48.7108039855957,-10.890724182128906,1.0247255563735962,2.4699015617370605,1.6891900300979614,-3.918917417526245,7.9128007888793945,-3.2653706073760986,-6.07174015045166,-10.390863418579102,6.322081565856934,-7.663299083709717,-2.0920231342315674,-3.0745718479156494,-1.5017422437667847,-5.893661022186279,-0.2114616334438324,yaman
yaman26.wav,0.2499014288187027,0.06031298637390137,2169.767932683117,2180.7163708559524,4282.324105372001,0.08003428550696594,-289.6776428222656,58.16159439086914,-8.296637535095215,49.51032638549805,-11.738911628723145,0.8634819388389587,3.8561513423919678,1.5303497314453125,-3.0251336097717285,7.266903877258301,-2.256970167160034,-4.932257175445557,-11.957242965698242,7.0086894035339355,-6.653366565704346,-2.309722900390625,-1.6611099243164062,-1.7160115242004395,-5.160597801208496,1.8714324235916138,yaman
yaman27.wav,0.24212628602981567,0.06426582485437393,2065.0911544395003,2182.88392141749,4162.866494382498,0.06849882993904799,-293.0124206542969,61.75767517089844,-4.47737455368042,50.71348190307617,-8.856478691101074,-0.0021274909377098083,2.9145638942718506,0.44647473096847534,-3.8837013244628906,9.685166358947754,-2.9300525188446045,-4.05016565322876,-11.894549369812012,6.285003662109375,-6.940407752990723,-3.9961769580841064,-0.9344994425773621,-2.035369873046875,-5.83051061630249,3.131047010421753,yaman
